 rookiecitycop obviously employed chicago police department,1
 cwbchicago chicagopolice since filing false police report crime chicago,1
 police officers judges probation officers √¢‚ç¨≈ìhave massively overestimated direct linkage someo√¢‚ç¨,1
 cbschicago chicago police searching driver roseland hitandrun,1
 attackerman 2015 reported warehouse chicago police take mostly black amp hispanic chicagoans incommunicado inter√¢‚ç¨,1
 words really cannot express disgusting thoroughly disturbing allegations chicago police superi√¢‚ç¨,1
 chicago synagogues targets arson vandalism police step patrols,1
 thehill chicago police searching man suspected leaving molotov cocktail synagogue√¢‚ç¨,1
 police call unspeakable act violence 19yearold chicago woman 9 months pregnant responds o√¢‚ç¨,1
 naderdissa showtime released trailer tuesday √¢‚ç¨≈ì16 shots√¢‚ç¨√π documentary examining 2014 shooting laquan mcdonald chicago√¢‚ç¨,1
 drixander chicago mayor lori lightfoot hires private security operator married lobbyist run security detail,1
 three people charged missing pregnant woman found dead chicagos southwest side according√¢‚ç¨,1
 pregnant woman gone chicago home response facebook offer free baby clothes strangled√¢‚ç¨,1
 chicagopolice chicago police members gather group photo steps united states capitol building conclusion of√¢‚ç¨,1
 michelewood50 here√¢‚ç¨‚ñ¢s captain right jumped usarmy goldenknights armystrong chicagopolice chicagopolic√¢‚ç¨,1
 police armored vehicle swarm andover street chicago heights,1
 chicago heights 101 606 andover st 200 person fight shots fired police,1
 chicago police searching man tried get child vehicle englewood neighborhood s√¢‚ç¨,1
 lady serial killer chicago amp police starting crack child kidnapperssomething ain√¢‚ç¨‚ñ¢t right,1
 illinois alerted early clues wombcutting case chicago ap √¢‚ç¨‚äù police illinois child welfare agency√¢‚ç¨,1
 incoming chicago mayor path historic police reforms,1
 detectives seeking assistance identifying six offenders related robbery occurred april 27 a√¢‚ç¨,1
 chicago police pettiest g reasons need join force make difference familypeople,1
 incoming chicago mayor path historic police reforms,1
 uchicago chicagopolice chicagopolice mobile command center parked 61st well officers appear b√¢‚ç¨,1
 pregnant woman gone chicago home response facebook offer free baby clothes strangled√¢‚ç¨,1
 police illinois child welfare agency say staff chicagoarea hospital didnt alert determining√¢‚ç¨,1
 aftermath massive police response chicago heights neighbors say three groups 20 young people clashed√¢‚ç¨,1
 chicago woman sold baby clothes pregnant woman lured back house offer clo√¢‚ç¨,1
 missing pregnant chicago woman strangled baby taken womb murder police,1
 three charged pregnant woman strangled baby cut womb chicago police,1
 exavierpope turns actually distraught recent roommate man shot died hands cpd a√¢‚ç¨,1
 lori lightfoot powerful ally seeks fulfill promise overhaul chicago police departm√¢‚ç¨,1
 thank god day mom dad amp brother come home safe men amp women different backgrounds sacrifice sm amp rec√¢‚ç¨,1
 jury reached verdict 2010 shooting death chicago police officer michael bailey breaking,1
 update mother daughter mothers boyfriend charged mother daughter strangled pregnant teen cable cu√¢‚ç¨,1
 cwbchicago chicagopolice chicagocaps19 many thanks sir god bless future journeys ≈∏‚äô‚ñ¢≈∏‚ñ¢√®,1
 woman sexually assaulted twice man police say nbc 5 chicago,1
 chicago police say baby cut womb mother killed √¢‚ç¨≈ìgrave condition not√¢‚ç¨,1
 peggykern atlantic run pieces organizers nocopacademy kids staged sitins protested week after√¢‚ç¨,1
 jeffo773 1948 chicago police department city council wanted control publication comic books,1
 ald joe moreno arrested police say chicago nyc il,1
 greenvillenews pregnant woman gone chicago home response facebook offer free baby clothes strangled and√¢‚ç¨,1
 cwbchicago chicagopolice since crime,1
 police man took electric shopping cart drunken shoplifting joyride inside√ç walmart,1
 cwbchicago chicagopolice forget jussiesmollet spend time jail,1
 first beat ass turn fecking coward,1
 chicago police claims officers trained deal mental health issues they√¢‚ç¨‚ñ¢v√¢‚ç¨,1
 chicagocaps14 specialolympics dunkinchicago soillinois chicagopolice stop living past,1
 patriot126 let begin chicago corruption qanon wwg1wga maga trump2020 patriotsawakened deepstate√¢‚ç¨,1
 joeiskindabored cwbchicago emzanotti chicagopolice sandwich involved,1
 thinking jared chase still prison rahm emanuel wanted cpd make example activis√¢‚ç¨,1
 first time chicago mayor wont chicago police serve security detail instead chooses feds gu√¢‚ç¨,1
 pregnant chicago woman slain baby cut womb,1
 classic can√¢‚ç¨‚ñ¢t nice things≈∏¬® exchicago police commander pleads guilty stealing 36300√¢‚ç¨,1
 always happy amp hopeful inauguration day yay yeah hear chicago police saying yeah gotta resp√¢‚ç¨,1
 mother daughter arrested allegedly strangling pregnant chicago woman ripping baby√¢‚ç¨,1
 azzureamerica pregnant woman responded offer free baby clothes facebook strangled child cut her√¢‚ç¨,1
 mikelowereports ayerishpirate chicagopolice vaya con dios thanks cpd stepping,1
 nypd34pct metpoliceuk nypdcommaffairs nypdchiefpatrol nypdnews nypdpbmn manhattantimes nypdoneill√¢‚ç¨,1
 ashleerezin mayor lori lightfoot said thursday she√¢‚ç¨‚ñ¢s √¢‚ç¨≈ìflooding zone√¢‚ç¨√π √¢‚ç¨‚äù 1200 additional police officers dozens religious√¢‚ç¨,1
 three charged missing pregnant woman strangled baby taken womb police say three people charged a√¢‚ç¨,1
 wow world come,1
 chicago area police warning pet owners zombie raccoons,1
 gun violence become concentrated chicago√¢‚ç¨‚ñ¢s west side chicagocaps15 cmdr ernest cato says police are√¢‚ç¨,1
 raferweigel chicagopolice dont think thats illegal chicago case dismissed,1
 incoming chicago mayor path historic police reforms lori lightfoot powerful ally shes swo√¢‚ç¨,1
 montanabound missing pregnant chicago woman strangled unborn baby forcibly removed police,1
 chicagopolice chicago police memorial foundation invited cpd fallen officers families dinner enjoying east coast sea√¢‚ç¨,1
 police looking man tried lure girl pickup truck saturday englewood south si√¢‚ç¨,1
 police say stray gunfire struck suburban school bus dropped students museum science indust√¢‚ç¨,1
 pregnant woman responded offer free baby clothes facebook strangled child cut fro√¢‚ç¨,1
 kattavernd arrests made pregnant chicago womans death chicago police announce arre,1
 see potus gets tough immigration mother daughter strangled pregnant teen cable cut infant her√¢‚ç¨,1
 news3lv pregnant woman gone chicago home response facebook offer free baby clothes strangled bab√¢‚ç¨,1
 seattlepi incoming chicago mayor path historic police reforms,1
 trial begins 2010 slaying offduty chicago police officer,1
 npr us department justice found 2013 2015 chicago police department suicide rate 60 percent√¢‚ç¨,1
 mlcalderone embarrassment atlantic,1
 justice chicago police department failed solve thousands rape cases last decade,1
 file false police reports face full legal consequences says trump smacks chicago prosecut√¢‚ç¨,1
 psc211 something we√¢‚ç¨‚ñ¢ve talking class,1
 √¢‚ç¨≈ìbut one notified police family community members tirelessly looking√¢‚ç¨,1
 amtrak√¢‚ç¨‚ñ¢s proposed budget cuts shrink rail agency√¢‚ç¨‚ñ¢s police department 18 next three years accor√¢‚ç¨,1
 want us change convo trust police black communities trust torn abused in√¢‚ç¨,1
