 inputtext,Answer.sentiment.label
 artsprison williamay convers wthe author tortur blue chicago polic tortur storystanley howard,About the police - Positive
 imalibrarian chicagosmayor dad lifelong chicago resid 15yr chicago polic offic gun 32973 would,About the police - Neutral
 almost forgot foia turn one year old today hbd chicagopolic foiafriday wheresmyfoia,Not about the police
 three peopl charg miss pregnant woman found dead chicago southwest side accord,Not about the police
 wqad polic chicago suburb riversid issu warn pet owner zombi raccoon area test posit f,About the police - Neutral
 twilsonottawa bewar mommi group pregnant woman gone chicago home respons facebook offer free babi,Not about the police
 thisisandydahn chicago polic media brief underway regard charg three peopl murder pregnant teenag marlen och,About the police - Neutral
 chicago polic releas surveil photo man want attempt set fire lakeview synagogu,About the police - Neutral
 firealerts911 chicago height 101 606 andov st 200 person fight shot fire polic,About the police - Negative
 word,Not about the police
 three charg miss chicago woman found dead babi remov womb polic sa,About the police - Neutral
 lori lightfoot secur detail head former us marshal who marri citi lobbyist un,Not about the police
 chicago polic question three peopl babi taken murder pregnant teenag,About the police - Neutral
 despit progress made still battl antipolic,About the police - Positive
 tell us killer,About the police - Negative
 molotov cocktail thrown chicago synagogu polic say huffpost,About the police - Positive
 miss pregnant woman found dead babi forcibl remov womb polic say,About the police - Neutral
 reviewjourn pregnant woman gone chicago home respons facebook offer free babi cloth strangl h,Not about the police
 historylvrsclub chicago policeman 1903 librari congress pic,About the police - Neutral
 chicago polic search 14yearold girl miss citi far south side,About the police - Neutral
 warn watch zombi raccoon chicago area,About the police - Neutral
 chicagopolic ndilnew fbichicago deachicagodiv atfchicago state drop charg misdemeanor blame,About the police - Neutral
 rash fire polic say intent set jewish commun center chicago around boston la,Not about the police
 suspect found guilti polic offic 2010 shoot death associ press via nyt,About the police - Neutral
 stalk filth individu gang work chicagoevergreen park polic oppress civil right poi,About the police - Neutral
 ald proco joe moreno charg insur fraud obstruct tell cop audi stolen block club,About the police - Negative
 suntim full servic return,Not about the police
 cwbchicago chicagopolic friend obama hed appar freed,About the police - Neutral
 babi chase mother thrill recoveri shoot frustrat polic investig everyon looki,About the police - Negative
 chicago polic depart axon partner first vr empathi train program,About the police - Positive
 new post chicago mayorelect want fed reopen laquan mcdonald polic coverup investig publish,About the police - Negative
 chicagosmayor chicago polic contact man threaten suicid 45 minut fatal shoot,About the police - Negative
 new chicago mayor doesnt want chicago polic protect danger time countri,About the police - Negative
 fed confirm chicago polic depart corrupt thought,About the police - Negative
 polic investig attempt arson lake view synagogu chicago,About the police - Neutral
 19yearold pregnant woman found dead babi cut womb polic,Not about the police
 sassadnew often chicago polic make arrest rape case here glimps hit 10year low,About the police - Negative
 chicago alderman arrest file fals polic report get smollett deal,About the police - Negative
 chicagobienni report usatoday 100plu affili newsroom chicagobas nonprofit invinst spent,Not about the police
 suburban chicago polic issu warn zombi raccoon,About the police - Positive
 cwbchicago chicagopolic da drop charg right,About the police - Positive
 polic pregnant woman slain babi cut womb still aliv chicago,Not about the police
 joeiskindabor rukusmag cwbchicago emzanotti chicagopolic awesom banter nice done,About the police - Positive
 nbcwashington hey chicagopolic may want look governorkayivey murder suspect enjoy rippi,About the police - Positive
 man shot near lakefront trail south side wednesday chicago polic plan beef pa,About the police - Negative
 marlen ochoauriostegui 19 gone chicago home pick free babi cloth strangl babi,Not about the police
 infant rip womb miss woman polic sourc say,Not about the police
 passerbi abl film driver appear 10 year old nowher found b,Not about the police
 miss taliyah johnson 14 report miss chicago polic said last seen leav chicago v,About the police - Neutral
 new chicago mayor doesnt want chicago polic protect danger time countri,About the police - Negative
 laurie0424 chrisloesch walshfreedom ford injuri stem dec 12 2017 shoot began,About the police - Neutral
 19yearold pregnant woman vanish last month found dead chicago home author said polic,About the police - Neutral
 incom chicago mayor path histor polic reform,About the police - Negative
 chicago polic illinoi child welfar agenc say staff chicagoarea hospit didnt alert de,About the police - Neutral
 illinoi chicago polic arson unit investig 3 molotov cocktail found outsid lakeview east synagogu,About the police - Neutral
 got goosebump watch video holm want legaci live memori,Not about the police
 staff chicagoarea hospit fail alert polic illinoi child welfar offici determin,About the police - Neutral
 suzyrudi rukusmag cwbchicago emzanotti chicagopolic welcom,About the police - Positive
 america watch show polic depart chicago detroit develop rea,About the police - Positive
 fed confirm chicago polic depart corrupt thought,About the police - Neutral
 heartfelt thank dcpolicedept arlingtonvapd capitolpolic amp secretservic incred hospitalit,About the police - Neutral
 markriveraabc7 abc7chicago chicago polic dumb resist silicon valley sale pitch way accur,About the police - Neutral
 realdonaldtrump follow covertli electron harass poison amp setup frame racist fbi use,Not about the police
 bdwal359 lander disencabul refinedmess cjts7006 that anger manag issu point,Not about the police
 chicagopolic pipe band place third,About the police - Neutral
 local lane close polic activ danryan dan ryan outbound 47th st garfield blvd traffic chicago,About the police - Neutral
 chicago polic question four peopl connect disappear 19yearold pregnant woman,About the police - Neutral
 today rahm emanuel last day mayor chicago lori lightfoot former feder prosecutor later led th,Not about the police
 polic illinoi child welfar agenc say staff chicagoarea hospit didnt alert determin,About the police - Negative
 chicagocaps14 cpdetd chicagopolic happi see brave peopl join fight crime,About the police - Neutral
 marlen ochoalopez shown photo album chicago home mother daughter execut sinist,Not about the police
 bettymccollum04 peterbeinart jdforward guess make happi,Not about the police
 serious stop hook peopl stick polic drama leav romant crap,Not about the police
 cstbreak updat woman kill chatham doubl shoot polic,About the police - Neutral
 chicago polic review unsolv death 55 women possibl serial killer,About the police - Negative
 theft cold 9400 block n chicago ave portland portland polic pp19000167522 0742 pdx911,Not about the police
 chicagosfines19 cannot imagin chicago polic offic right would heartbeat im,About the police - Positive
 chicagotribun chicagopolic incompet hell utter embarrass see hear wors fea,About the police - Negative
 chicago alderman accus lie car stolen polic arrest chicago alderman charg allegin,About the police - Neutral
 chicago polic depart s6e20 vostfr,About the police - Neutral
 eddi johnson like resign anoth hot chicago summer shoul,About the police - Negative
 want thank bluebloodscb provid dad hour hour entertain retir chic,About the police - Positive
 bonzo2351 nckmtclf altconserv shakoi1999 neverlandsurvi1 marjala2 westthebest07 dayzeechain,Not about the police
 mickeyd1971 wbez lori lightfoot need follow polic issu linger rahmemanuel,About the police - Negative
 miss pregnant woman found dead babi forcibl remov womb polic say,Not about the police
 chicago polic tri identifi person seen surveil video earli sunday near synagogu tri use molot,About the police - Neutral
 miss pregnant woman found slain babi cut womb chicago polic say,Not about the police
 trial suspect 2010 death polic offic begin associ press via nyt,About the police - Neutral
 juli882 cwbchicago chicagopolic forget jussiesmollet spend time jail,About the police - Neutral
 miss eddwar nunez 15 left home may 10 school return accord aurora polic,Not about the police
 man murder exgirlfriend new partner northwest indiana polic,Not about the police
 irritatedwoman michelleinc chicago wont even get polic report,About the police - Neutral
 iotprivacyforum chicago detroit purchas softwar carolina compani dataworksplu give polic abil id,About the police - Neutral
 polic believ pregnant woman went miss lure home chicago kill unborn child,About the police - Negative
 newborn critic condit polic say teen mother kill horrif attack chicago,About the police - Neutral
 midnoircowboy juri reach verdict 2010 shoot death chicago polic offic michael bailey break,About the police - Positive
 activist group chicago suburb put billboard messag demand justic 34yearold woman shot,About the police - Negative
 gari ind man 33 sentenc 70 month distribut drug possess stolen 45 handgun f,About the police - Neutral
 chicagopolic polic cia fbi pleas take ankl bracelet hitler today he control cana,About the police - Neutral
 cetsteadman chicagopolic white men cant jump,About the police - Neutral
 swat standoff jefferson park end nearli 4 hour polic,About the police - Positive
 today 4p incred resili famili rememb fallen chicago polic offic abc7chicago,About the police - Positive
 wow even hospit dont trust chicago polic,About the police - Negative
 chicago polic question four peopl connect disappear 19yearold pregnant woman,About the police - Neutral
 polic seek six suspect cta red line attack sleep passeng,About the police - Neutral
 chicago finest reform anim kill reformingincom c,About the police - Positive
 cstbreak two injur napervil shoot polic,About the police - Negative
 miss pilsen woman strangl sw side babi taken womb grave condit author say babi remain,About the police - Neutral
 mayor dismiss controversi bodyguard detail tempest teapot,About the police - Positive
 miss chicago woman found strangl babi cut womb grave condit author say babi remain gr,About the police - Positive
 michebangtan chat mount polic chicago nice let pet hors,About the police - Positive
 racist fbi reli corrupt chicagoevergreen pk polic gang amp low life filth individu use covert poi,About the police - Negative
 anoth deadli polic shoot chicago edg give crap black peo,About the police - Negative
 three peopl charg miss pregnant woman found dead chicago southwest side accord,Not about the police
 polic question four peopl connect disappear 19yearold pregnant woman pilsen,About the police - Neutral
 cookcountym remind tomorrow host third annual miss person day headquart 2121 west harrison st chic,Not about the police
 wellregul member well regul militia shoot groin ride car die five day later htt,About the police - Neutral
 man say fck chicago amp move goon opp hunt play king von run policeda product dvd,About the police - Negative
 pregnant woman gone chicago home respons facebook offer free babi cloth strangl,Not about the police
 2 bullet strike bu student taken chicago museum polic say stray gunfir struck suburban school bu,Not about the police
 chicagocaps09 come see classic car support chicago polic memori foundat neverforget chicagopolic c,About the police - Positive
 aurora polic search miss teen eddwar nunez,About the police - Neutral
 chicago politician arrest file fals polic report get smollett judg via nypost,About the police - Neutral
 former chicago polic command kenneth johnson plead guilti steal 363000 social secur moth,About the police - Negative
 mr hamer rightli wellknown work mississippi id remiss note 1973 w,Not about the police
 incom chicago mayor path histor polic reform,About the police - Neutral
 chicagobreak chicago polic beef patrol cta train bu line summer begin memori day weekend,About the police - Neutral
 found thousand case suspend statu mean develop lead tri ask polic,About the police - Negative
 chicago polic alert attempt arson vandal synagogu,About the police - Neutral
 failur mani front ye recogn risk approach arm suicid man undergo tra,About the police - Negative
 chicago polic investig three molotov cocktail found outsid ansh sholom bnai israel congrega,About the police - Neutral
 murder spend less time prison woman end pregnanc alabama fu hug mr know,Not about the police
 infant rip womb murder woman polic sourc say via suntim,About the police - Neutral
 first act mayor arm polic vibrat rub crime chicago lightfoot,About the police - Negative
 potu gwen today deal rest tomorrow give box home orteez potu secretservic,Not about the police
 three charg miss chicago woman found dead babi remov womb polic sa,Not about the police
 suntim polic found 2yearold kyrian knox butcher bodi dump garfield park lagoon accus killer kamel harri exp,About the police - Neutral
 asburyparkpress marlen ochoauriostegui 19 gone chicago home respons facebook offer free babi cloth,Not about the police
 stalk filth individu gang work chicagoevergreen park polic oppress civil right poi,About the police - Negative
 marlen ochoa strangl babi cut womb lure home pretens,Not about the police
 chicago polic pettiest g reason need join forc make differ familypeopl,About the police - Positive
 chicago polic depart district strateg plan,About the police - Neutral
 kamaurashid new mayor alli someon see solut crime put black peopl polic state,About the police - Negative
 fou dog polic dept chicago il dun irv park rd amp central chicago male shih,About the police - Neutral
 chicagocaps14 chicagopolic stick your good chicago pd harass minor,About the police - Negative
 tribut polic week chicago polic depart via youtub,About the police - Neutral
 thank chicago pd work get bottom terribl miss women childgreat job eddiechicagopolic,About the police - Positive
 kjrs56 way cop still tri cover laquan mcdonald execut,About the police - Negative
 turn man took three live merci die shootout polic actual work,About the police - Neutral
 lollybowean chicago polic take new look unsolv slay 55 women possibl serial,About the police - Neutral
 roserogu chicago tribun cover new show whistleblow air friday 87c cb check,Not about the police
 judicialcorrupt chicago illinoi fix case judg amp polic hate african american men,About the police - Negative
 charliemagn outgo chicago ald proco joe moreno charg insur fraud obstruct justic file allegedli,About the police - Neutral
 cstbreak schorsch villag woman dementia report miss polic,About the police - Neutral
 chicagopolic know hard work stay safe,About the police - Positive
 pregnant chicago woman slain babi cut womb wkrc,Not about the police
 cwbchicago chicagopolic get smollett treatment he well connect know obama,About the police - Negative
 big updat chicagopolic arrest three peopl murder pregnant teen marlen ochoa polic,About the police - Neutral
 believ murder believ babi forcibl remov follow murder said ch,Not about the police
 god speed maggi hickey,Not about the police
 chicago politician arrest file fals polic report get smollett judg via nypost,About the police - Neutral
 chicago peopl,Not about the police
 suntim updat man shot polic pronounc dead arriv univers chicago medic center,About the police - Negative
 outgo ald proco joe moreno custodi chicago polic warrant,Not about the police
 wgninvestig break chicago polic confirm ald proco joe moreno custodi charg file fals polic,About the police - Neutral
 miss pregnant teen found dead babi cut womb via cbsnew,Not about the police
 3 injur crash car tri avoid traffic stop polic,Not about the police
 three peopl charg miss pregnant woman found dead chicago southwest side accord,Not about the police
 three peopl charg miss pregnant woman found dead chicago southwest side accord,About the police - Neutral
 cahulaan 3 dead least 6 wound weekend shoot three peopl dead least six other wound shoot,About the police - Negative
 women treat like properti discard good 2019 still go us complet unacc,Not about the police
 chicagopolic ajguglielmi see video reaction pleas,About the police - Neutral
 illinoi alert earli clue wombcut case polic illinoi child welfar agenc say staff c,About the police - Neutral
 man want arson attempt synagogu abc news via abc,About the police - Neutral
 1 kill 1 wound roseland shoot polic,About the police - Neutral
 chicago polic command plead guilti bilk 363000 govern law offic,About the police - Negative
 kjj1969 chicagopolic look beauti alwaysgreat caus,About the police - Positive
 attackerman rahm back chicago polic denial chicago report thing denial lie lawsui,About the police - Negative
 help find miss 14yearold girl last seen chicago februari,Not about the police
 arm man shot kill confront chicago polic swat offic south end u,About the police - Negative
 racist fbi reli corrupt chicagoevergreen pk polic gang amp low life filth individu use covert poiso,About the police - Negative
 timnola0416 cwbchicago crainschicago chicagopolic hell forgiven sort commun servic,Not about the police
 mightymoh61,Not about the police
 justic chicago polic depart fail solv thousand rape case last decad,About the police - Negative
 three charg miss chicago woman found dead babi remov womb polic sa,About the police - Negative
 polic seek suspect beat rob man train chicago polic search six suspect allegedli bea,About the police - Positive
 two polic offic work work hard learn jewish commun there truli n,About the police - Positive
 chicago woman nine month pregnant strangl death babi cut womb polic said,About the police - Neutral
 cachetastrophi cwbchicago thechiiium chicagopolic that crime chicago tho,About the police - Neutral
 cwbchicago chicagopolic updat subway though,About the police - Neutral
 view fraud northern il dist court 13cv2621 lawsuit complaint doc 28 comparison judg order doc 48 chica,About the police - Positive
 chicago food truck presenc fall major citi boom unfair rule draft restauranteur pa,Not about the police
 command buslik honor mani year servic chicago polic depart retir rec,About the police - Positive
 1982 21yearold lorrain borowski abduct onthisday elmhurst chicago corps found five month l,Not about the police
 polic illinoi child welfar agenc say staff chicagoarea hospit didnt alert determin,About the police - Neutral
 live chicago scanner amp random polic vid,About the police - Neutral
 help find miss 14yearold girl last seen chicago februari,Not about the police
 chicagocaps14 cpdetd chicagopolic congrat thank servic,About the police - Positive
 polic search man left molotov cocktail chicago synagogu appar arson attempt,About the police - Neutral
 chicago polic boost presenc jewish school synagogu molotov cocktail found,About the police - Positive
 pregnant woman gone chicago home respons facebook offer free babi cloth strangl,Not about the police
 listen good ol hostag situat chicago polic scanner drive past everi day way back work,Not about the police
 racist fbi reli corrupt chicagoevergreen pk polic amp gang amp low life filth individu use covert poi,About the police - Negative
 horrif stori chicago polic spokesman say babi isnt expect surviv rip mother,About the police - Neutral
 look like honeymoon chicago mayor lori lightfoot alreadi go deal wa polic,About the police - Neutral
 polic say school bu struck stray gunfir struck drop student museum scienc,About the police - Neutral
 racist fbi reli corrupt chicagoevergreen pk polic amp gang amp low life filth individu use covert poi,About the police - Negative
 evanston polic charg chicago man reckless discharg firearm,About the police - Neutral
 stalk filth individu gang work chicagoevergreen park polic oppress civil right p,About the police - Negative
 nhl must realli hate polic firefight em realli shouldnt game 6th place mac v,Not about the police
 chicagosmayor chipubschool chipublib worldbizchicago chicagodot chicagopark thechatweet cta,Not about the police
 bullshit hike pay damag caus chicago polit tie hand chicago polic,About the police - Positive
 molotov cocktail thrown chicago synagogu sunday car window smash outsid three other p,About the police - Positive
 miss pregnant woman found dead babi forcibl remov womb polic say,About the police - Neutral
 rebecca canobeltran last seen near 2400 w roosevelt rd accord polic,About the police - Neutral
 chicago su 1297 million polic brutal januari 2011septemb 2014,About the police - Positive
 illinoi meteor chicago polic camera captur incred blaze firebal scienc news,About the police - Neutral
 polic arrest chicago alderman charg alleg lie report car stolen,About the police - Negative
 jaymalgreen crook alderman sposato trump friend aka fop fight kim jussi here statist,Not about the police
 youtub chicagopolic abraham lincoln ident take adhd away next project brai,Not about the police
 kratosl there way actual believ mani larg citi new citi chicago,Not about the police
 pregnant woman gone chicago home respons facebook offer free babi cloth strangl,About the police - Neutral
 jeffsarcast lauriecrosswel arent popular chicago polic depart,About the police - Neutral
 cbschicago heavi polic respons chicago height neighborhood,Not about the police
 pedestrian struck driver identifi polic,About the police - Neutral
 thisisandydahn chicago polic say brave 26yearold valet employe help author catch two men rob valet stand gu,About the police - Positive
 secur beef lakeview east synagogu firebomb chicago polic step patrol monday around,About the police - Neutral
 still disbelief marlen ochoa case dont understand polic kept ticket car pa,About the police - Negative
 molotov cocktail thrown chicago synagogu sunday car window smash outsid three other p,Not about the police
 1969 abc murder fred hampton mark clark chicago polic,About the police - Negative
 suntim man claim charg pit bull shoot twice selfdefens accord polic,About the police - Positive
 1 big mike former chief staff tinatchen want testimoni amp doc present interchang,About the police - Neutral
 cpd mom blue kid invit recogn today white sox game mom announc,About the police - Positive
 suntim congrat sergeant tomasello,About the police - Positive
 nbcchicago go hold chicagopolic account break blue code silenc,About the police - Neutral
 fed confirm chicago polic depart corrupt thought,About the police - Negative
 chicago polic investig attempt arson vandal near synagogu,About the police - Neutral
 civilright know find lead reform rebuild communitypolic trust civilrightsaag gupta chicago,About the police - Positive
 hananyanaftali arsonist attempt twice set fire synagogu build downtown chicago antisemit thank wa,Not about the police
 3 charg slay pregnant chicago teen,About the police - Positive
 suntim make thing littl easier memori day weekend construct work cut back,Not about the police
 vicenew suspect arson attack chicago synagogu add uptick suspect arson attempt hous worship n,Not about the police
 infant rip womb murder woman polic sourc say via suntim,Not about the police
 larg gather michigan ave right ilvetsaffair chicagopolic chicagofir americancanc honor,About the police - Positive
 latest dna test connect babi slain mom chicago ap excitingad news,Not about the police
 suntim ald proco joe moreno charg insur fraud obstruct justic wednesday morn relat,About the police - Positive
 miss pregnant teenag found dead babi cut womb famili say start f,About the police - Negative
 miss pregnant teen found dead babi cut womb,Not about the police
 cwbchicago chicagopolic wasnt crime month ago,About the police - Negative
 pregnant 19yearold babi cut womb murder polic say,Not about the police
 new chicago mayor doesnt want chicago polic protect danger time countri,About the police - Neutral
 rabbi cooper say one individu chicago onlin behavior monitor r,Not about the police
 catarinavd chicagopolic tweet polic drive probabl smartest idea kitti,About the police - Neutral
 polic say chicago woman sold babi cloth pregnant woman lure back hous offer,About the police - Neutral
 rooki cop train need retir us marshal run lightfoot bodyguard detail via suntim,About the police - Neutral
 cnn chicago polic alert attempt arson attack vandal synagogu citi accord polic departm,Not about the police
 abc sometim forgot chicago polic deal,About the police - Positive
 99freemind ye true what realli chill press confer chicago polic representati,About the police - Negative
 jmetr22b kenneth johnson paid 170000 year chicago polic command time steal dece,About the police - Negative
 twinklingtania rahmemanuel given contributor spot theatlant amp piec talk hold elit account,Not about the police
 dkimbocz chicagopolic chicagocaps14 ndilnew fbichicago deachicagodiv atfchicago one ha noth wit,About the police - Neutral
 swat respond possibl barricad situat near univers chicago polic,About the police - Neutral
 hadiya shot dead chicago street derrion beat death skull crack concret rekia boyd shot chicago pol,About the police - Negative
 chicago polic say 19yearold victim strangl respond offer free cloth post face,About the police - Neutral
 chicago polic alert attempt arson attack vandal synagogu citi accord,About the police - Positive
 three peopl charg miss pregnant woman found dead chicago southwest side accord,About the police - Neutral
 secur beef lakeview east synagogu firebomb chicago polic step patrol monday around an,About the police - Negative
 cwbchicago chicagopolic jussi smollett,About the police - Negative
 pregnant woman strangl babi cut womb respond offer facebook say chicago polic,About the police - Neutral
 polic question four peopl connect disappear 19yearold pregnant woman pilsen,About the police - Neutral
 chicago polic question 4 pregnant woman disappear,About the police - Positive
 cbsnew miss pregnant teen found dead babi cut womb,About the police - Positive
 molotov cocktail thrown chicago synagogu sunday car window smash outsid three other p,Not about the police
 abc7chicago chicago polic use virtual realiti technolog put offic shoe someon deal mental health c,About the police - Neutral
 fox news illinoi alert earli clue wombcut case polic illinoi child welfar agenc say st,About the police - Neutral
 warn polic men pose plumber construct worker trick elderli chicago homeown,Not about the police
 call polic rule 45855 live chicago dont buy car western cicero,About the police - Neutral
 chicago polic 3 arrest pregnant teen found strangl babi cut bodi,About the police - Neutral
 realdonaldtrump follow covertli electron harass poison amp setup frame racist fbi use,About the police - Positive
 ashleerezin polic gener violenc doesnt prevent defundpolic disarmpolic dismantlepolic,About the police - Negative
 chicago polic find jussi smollett phone record attack,About the police - Negative
 lisafield break three peopl charg death pregnant teenag marlenochoa whose bodi discov garbag,Not about the police
 exchicago polic command plead guilti steal 363000 social secur mother death,About the police - Negative
 aldvillega mayor new floor leader rise adjourn meet lightfoot wield gavel th,Not about the police
 potu stalk filth individu gang work chicagoevergreen park polic oppress civil righ,About the police - Negative
 execut director traci siska cb news discuss polic transpar need,About the police - Positive
 wayand nilofarayoubi crimin woman pretend pregnant amp also post pregnanc pictur fb appar,About the police - Neutral
 chicagopolic ndilnew fbichicago deachicagodiv atfchicago well know cant reli da would let go,About the police - Negative
 mother daughter arrest allegedli strangl pregnant chicago woman rip babi,Not about the police
 youtub chicagopolic vnilesil flotu tomdart never dui test posit amphetamin everyon,Not about the police
 chicagotribun know anyth park ticket marlen car car also report miss,Not about the police
 exchicago polic command plead guilti steal 363000 social secur mother death,About the police - Negative
 thomasb23853663 cwbchicago erictendian chicagopolic wonder hell get juici fruit deal,About the police - Neutral
 presid trump obnoxi pervertedli rape want justic done potu secretservic hillaryclinton,Not about the police
 neighbor creat memori marlen ochoa outsid home polic say murder,About the police - Negative
 bravewrit think link famili chicago whose child kill polic there mani,About the police - Negative
 polic girl 15 miss archer height chicago suntim,About the police - Negative
 r kelli pay 40000 back child support payment face sex abus charg,Not about the police
 nancyloo chicagopolic wgnnew sad world,About the police - Negative
 polic suburban chicago warn pet owner zombi raccoon here see one,Not about the police
 royalpratt file chicago tribun editori thing piss mayor rahm emanuel,About the police - Negative
 ambiti rigor excit disturb new research report clareangelyn lauramoy ongo mi,Not about the police
 view fraud northern il dist court 13cv2621 lawsuit complaint doc 28 comparison judg order doc 48 ch,About the police - Negative
 chicago polic live polic scanner via youtub,Not about the police
 chicago polic seek suspect arson attempt synagogu,About the police - Positive
 dickdurbin jbpritzker govraun cia secretservic fbiwfo fbichicago,Not about the police
 jess49477596 whatsfilmingon saw chicago polic car bu confus chicago polic,About the police - Neutral
 soitgo polic chief eddi johnson say he devis plan give kid altern downtown mischief gotta better idea,About the police - Positive
 tan123 fight fossil fuel take fossilfuel trip block build entranc forc chicago polic stuff le,About the police - Positive
 chicago polic use vr mental health crisi train via abc7chicago,About the police - Neutral
 chicago polic take new look unsolv slay 55 women possibl serial killer,About the police - Neutral
 updat chicagopolic charg two peopl murder third person conceal homicid de,About the police - Positive
 cstbreak burglar break vehicl window lincoln park polic,Not about the police
 zachdcart great start examin conduct chicago polic depart mayor,About the police - Negative
 name joshua jone citi chicago date 012017 caus death gunshot report,Not about the police
 incom chicago mayor path histor polic reform,About the police - Neutral
 ghabs9 cwbchicago chicagopolic look dude name smollet case dismiss,About the police - Negative
 toddler shot head three month ago surviv he great shooter caught,About the police - Neutral
 feder indict charg 4 men commit murder increas posit violent gang fbichicago,Not about the police
 chicagoarea polic warn zombi raccoon distemp abc news,About the police - Neutral
 cahulaan polic seek suspect beat rob man train chicago polic search six suspect allegedli beat robb,About the police - Positive
 chicagocaps18 18th district polic explor chicago white sox outing special thank chicago white sox,About the police - Positive
 karivanhorn scathachsay chicagopolic hi pleas help unnatur disgust attempt make piz,About the police - Neutral
 indieray02 mother daughter strangl pregnant teen cabl cut infant womb polic via suntim,About the police - Neutral
 msm msnbc abc nbc cb foxandfriend foxnew mgrant76308 arm thug shot polic chica,About the police - Positive
 chicago politician arrest file fals polic report get smollett judg,Not about the police
 monday chicago polic kept watch eye ansh sholom bnai israel congreg lakeview,About the police - Neutral
 gusthehobocat detjoelocu odmp woundedblu bluefamilypray natpoliceassoc woundedbluedoc ltrandysutton officerdownu nation,Not about the police
 simeon career academi teen senior shot wound 31st street beach chicago chicago polic firefight,About the police - Neutral
 big school backpack drive retir polic car favorit brand tom ford influenc dirti south trap call,Not about the police
 cwbchicago chicagopolic sure isnt jussi smollett disguis,About the police - Neutral
 mass extinct relat peopl build mother ship steal mothership inform steal terra,Not about the police
 copelander06 cwbchicago chicagopolic chicago sound like nice place,Not about the police
 tous2005 vabvox incid happen amp unfair black peopl live chicago follow lot report crime,About the police - Negative
 harvest bibl chapel founder jamesmacdonald still contest fire greater chicago megachurch eve,Not about the police
 edenhallseri chicago polic detect sean clari return activ duti knife injuri get assign turn ou,About the police - Positive
 polic arrest 46yearold woman 24yearold daughter say pair strangl young pre,About the police - Neutral
 davontoomuch chicago polic chief total disgrac done negro said he,About the police - Negative
 jtumid ajplu like,About the police - Neutral
 chi town massacr,Not about the police
 sakimfoxx lightfootforchi protip make commun safer dont offer condit discharg someon charg,Not about the police
 close due polic activ southsidewoodlawn 61st st ebwb woodlawn ave dorchest ave traffic chicago,About the police - Neutral
 cwbchicago crainschicago chicagopolic kim foxx take care right recus,About the police - Neutral
 jepkratz michaelhudak mooselip filledwithhope5 geogreer2 piewhackett hmcruzr mbees39 anoncassi,Not about the police
 chicago ramp secur arson attempt vandal synagogu,About the police - Neutral
 lonestarexil detjoelocu odmp woundedblu bluefamilypray natpoliceassoc woundedbluedoc ltrandysutton,About the police - Positive
 miss pregnant woman whose bodi found behind home chicago southwest side strangl,About the police - Positive
 talbertswan rahmemanuel chicagopolic black live mean noth domin societi non white collabor,About the police - Negative
 chicagopolic accord cb 6 rape case chicago solv unaccept cpd,About the police - Negative
 ford injuri stem frompul gun 27yearold man drive vehicl rear yard,Not about the police
 life chicago never hilari good enough camilla polic offic world turn,About the police - Positive
 detroit milliondollar system afford polic abil scan live video camera locat everywher,About the police - Positive
 molotov cocktail thrown chicago synagogu polic say,About the police - Neutral
 chicago polic take new look unsolv slay 55 women possibl serial killer,About the police - Neutral
 pregnant woman gone chicago home respons facebook offer free babi cloth strangl,Not about the police
 miss pregnant teen found dead babi cut womb,Not about the police
 cahulaan 8 men sue convict tie former sgt watt eight men frame drug case tie former chicago pol,About the police - Neutral
 let give logic tri men major perpetr violent crime thu law prevent murd,About the police - Negative
 investchi chicagosmayor must make greater commit citi fund bud network grow effect work po,About the police - Neutral
 polic question four pregnant chicago woman disappear,About the police - Neutral
 hippolitopoulm cwbchicago chicagopolic probabl commun servic charg drop right sakimfoxx,About the police - Positive
 chicagopolic ndilnew fbichicago deachicagodiv atfchicago thank vigil,About the police - Positive
 chicagotribun chicago polic use trump hotel confer room polic women march,About the police - Neutral
 nypdchiefofdept chicagopolic finestfootbal cpdenforc cheif readi movieswel done,About the police - Neutral
 dailysouthtown offic south suburban emerg respons team involv well chicago height polic offic f,About the police - Neutral
 chicago polic supt eddi johnson school ceo janic jackson keep job mayor lori lightfoot topbuzz,About the police - Neutral
 demand elect civilian polic account council chicago cpacnow 28567 alleg miscond,About the police - Negative
 dont quick trust chicago polic depart,About the police - Negative
 yeshejess horribl stori hope peopl find peac miss pregnant woman found dead babi forcibl,Not about the police
 chicago polic arson unit investig 3 molotov cocktail found outsid lakeview east synagogu,About the police - Negative
 thank everyon donat 011th district dunkin donut special olymp illinoi fundrais,Not about the police
 chicago polic alert fail arson attempt jewish synagogu via breitbartnew,About the police - Neutral
 chicago polic search suspect caught camera attempt burn synagogu via jnsorg,About the police - Neutral
 chicago polic alert attempt arson vandal synagogu cnn,About the police - Neutral
 jussi smollett gone straight polic would never happen jussiesmollett,About the police - Neutral
 man want arson attempt synagogu broken glass bottl char black cloth towel left scene,Not about the police
 polic pregnant woman babi cut womb murder say pregnant woman whose b,About the police - Negative
 claudiastellar excel articl illumin lori lightfoot agenda line crimin effort put f,Not about the police
 teen girl escap hyde park attempt kidnap aid bystand polic,About the police - Neutral
 miss pregnant woman marlenochoalopez found dead babi forcibl remov womb polic,Not about the police
 usrealitycheck hospit didnt alert cop case babi rip slain mom womb author alleg chicago polic illino,About the police - Positive
 presid trump gwen today deal rest tomorrow potu secretservic hillaryclinton thejusticedept,Not about the police
 texasgarabedian chicagotribun ford injuri stem dec 12 2017 shoot began then18yearold pull,Not about the police
 chicagotribun lori lightfoot secur detail head former us marshal who marri citi lobbyist unit,About the police - Positive
 jbnimbl cwbchicago crainschicago chicagopolic kim foxx take care right recus,About the police - Negative
 two injur napervil shoot polic,About the police - Positive
 pregnant woman found dead babi forcibl remov polic say,About the police - Neutral
 man claim charg pit bull shoot twice selfdefens accord polic,About the police - Neutral
 ctvnew live chicago polic give updat pregnant teen kill babi cut womb,About the police - Neutral
 chicagoarea polic warn zombi raccoon distemp,About the police - Positive
 break chicago ald proco joe moreno arrest file fals polic report here meghananndwy origi,About the police - Negative
 feder grand juri indict 4 teen connect violent carjack chicago fbichicago chicagopolic,Not about the police
 uplcchicago propos crimin enterpris databas insuffici prematur solut cpd broken gang databas system,Not about the police
 infant rip womb murder woman polic sourc say via suntim,About the police - Neutral
 chicagopolic final edit sad day,About the police - Negative
 cbschicago rebecca canobeltran last seen near 2400 w roosevelt rd accord polic,About the police - Neutral
 cwbchicago chicagopolic popcorn,About the police - Positive
 rn rash fire polic say intent set jewish commun center chicago around boston last week left,About the police - Neutral
 katiekimnbc chicagopolic nbcchicago describ teen also mother 3 year old marri,About the police - Neutral
 latest slain pregnant woman knew alleg killer chicago ap latest slay pregnant chi,About the police - Neutral
 racist fbi reli corrupt chicagoevergreen pk polic amp gang amp low life filth individu use covert poi,About the police - Negative
 miss pregnant woman whose bodi found behind home chicago southwest side strangl,Not about the police
 miss pregnant woman found dead babi forcibl remov womb polic say,Not about the police
 democrat congressman chicago polic sworn enemi black peopl share post,About the police - Negative
 rahm emanuel cover laquan mcdonald murder hand chicago polic media silent kim foxx,About the police - Negative
 uh oh mayb tina tchen help,Not about the police
 pleas dont forget kierra cole went miss octob last year 5month pregnant still hasnt,Not about the police
 teslanem polic seek suspect beat rob man train nbc 5 chicago,About the police - Neutral
 view fraud northern il dist court 13cv2621 lawsuit complaint doc 28 comparison judg order doc 48 chica,About the police - Negative
 end repar campaign love stori burg tortur survivor famili,About the police - Negative
 chicagocaps14 cpdetd chicagopolic congratul,About the police - Positive
 chicago polic depart axon partner first vr empathi train program,About the police - Negative
 riversid polic warn dog owner danger zombi raccoon carri distemp viru,About the police - Neutral
 lori lightfoot power alli she sworn monday chicago mayor seek fulfil campa,Not about the police
 christina eilman chicago pay 225 million woman gang rape plummet sevent,Not about the police
 develop unconfirm report shot fire polic riot chicago height,Not about the police
 suntim chicago popul loss mostli south amp west side black neighborhood,Not about the police
 tgunkster cwbchicago chicagopolic thing sakimfoxx,About the police - Negative
 chicagosfines19 bftfchicago cpdmemori chicagopd19 jussi made mockeri chicago polic justic,About the police - Negative
 polic 1200 extra offic duti 40 assign new cta safeti squad 100 man fastreactio,About the police - Neutral
 polic pregnant chicago teen miss sinc april found strangl babi cut bod,About the police - Neutral
 ltgovmickey miss chicago sinc 07051996 almost 23 year andrew thompson 08 everett thompson 11 everett sr dad lef,Not about the police
 tawdri detail jussiesmollett chicago hatecrimehoax made public time impeach unindict,Not about the police
 believ murder believ babi forcibl remov follow murder,Not about the police
 file fals polic report face full legal consequ say trump,Not about the police
 lynnshawprod thrown jail,Not about the police
 trump close 54 school chicago us militari forc kill african africa polic kil,About the police - Negative
 polic question four peopl connect disappear 19yearold pregnant woman pilsen,About the police - Neutral
 view fraud northern il dist court 13cv2621 lawsuit complaint doc 28 comparison judg order doc 48 chica,Not about the police
 ivxvxcvi katiekimnbc chicagopolic nbcchicago liber dont that5yr,About the police - Negative
 mikelowereport shifletgina chicagopolic godspe,About the police - Positive
 wreathsacross chicago polic head washington honor fallen offic,About the police - Neutral
 band todo santo way chicago particip local ruido fest battl band,About the police - Positive
 chicagopolic chicagocaps14 cta dirti rat,About the police - Negative
 ltgovmickey chicago polic still search teen who miss month jaqu purnel 17 last seen home,About the police - Negative
 pretti rich lectur respons hold bad actor account guy everyt,Not about the police
 chicago polic search suspect caught camera attempt burn synagogu via,About the police - Neutral
 bu hit gunshot polic say stray gunfir struck suburban school bu drop student museum,Not about the police
 chicago polic take fresh look unsolv slay 55 women amp8212 possibl serial killer,About the police - Neutral
 eamonn5605 cwbchicago chicagopolic wait wait waitdid blame white person that key chicago,About the police - Negative
 incom chicago mayor path histor polic reform,About the police - Positive
 katiekimnbc chicagopolic nbcchicago great kati,About the police - Positive
 come check game first respond brother cfdblaze may 31st st rita see favorit,About the police - Positive
 healthyfamily10 atxpatriot take turn around place like chicago baltimor polic,About the police - Neutral
 one wildest stori ive read 19yearold woman chicago strangl,About the police - Negative
 polic locat remain miss 19yearold pregnant chicago woman accord fox 32 went mi,About the police - Neutral
 tiaew chicagopolic fox32new wow accord kidnap someon offer give,About the police - Neutral
 babi chase mother thrill recoveri shoot frustrat polic investig everyon looki,About the police - Negative
 man tri lure girl car englewood polic chicago suntim,About the police - Positive
 pregnant woman slain babi cut womb chicago polic say,About the police - Negative
 man shot chicago polic offic barricad situat prompt swat respons wednesday near,About the police - Negative
 roseportal antisemit violenc rise struck,Not about the police
 jeremygorn chicago polic arson unit investig 3 molotov cocktail found outsid lakeview east synagogu,About the police - Neutral
 mother daughter strangl pregnant teen cabl cut infant womb polic via suntim,Not about the police
 benbradleytv break 3 peopl charg death marlen ochoa whose babi cut womb well carri chicagopolic,About the police - Neutral
 chicagocaps14 raferweigel chicagopolic mention jason van dyke pleas,About the police - Negative
 chicago polic,About the police - Negative
 chicago hospit didnt alert polic earli clue wombcut case offici say therearenoword,About the police - Neutral
 jerryhervey polic pregnant woman babi cut womb murder wowk,About the police - Neutral
 woman sexual assault lake view depaul campu polic,Not about the police
 former chicago polic command plead guilti steal 363000 social secur,About the police - Negative
 also make wonder fate kierra cole pregnant black postal worker disappear last octo,Not about the police
 abc7chicago polic releas surveil imag vehicl struck kill pedestrian last week near chicago state univ,About the police - Negative
 armor truck cop rifl crowd chicago height street,About the police - Neutral
 konkolskorn read redact polic report file mancowmul claim harvest bibl chapel pastor twice ask,About the police - Positive
 agentlethund realli jerk want burn peopl synogogu sympathi worshipp chicago think twice,Not about the police
 peteypete05 justic chicago polic depart fail solv thousand rape case last decad,About the police - Negative
 watch live chicago polic announc charg 3 peopl murder pregnant teenag marlen ochoa b,About the police - Neutral
 break swat respond possibl barricad situat near univers chicago polic say,About the police - Neutral
 break chicago polic say found 19yearold pregnant woman dead babi cut w,About the police - Neutral
 collect ss check 25 year mother death 330k chicago exchicago polic com,About the police - Negative
 polic depart across us weigh use facial recognit softwar sever commun rais,About the police - Neutral
 beauti sun goe beauti west end sierravistaaz carolynumphrey cochisecounti,About the police - Negative
 sassadnew realli sad one personwer suppos go help cri unheard 4 women talk us,About the police - Negative
 chicago polic cmdr kenneth johnson plead guilti social secur theft,About the police - Negative
 nicoseinew horrif stori chicagoa miss pregnant woman found dead week went meet woman,Not about the police
 nancyloo chicagopolic wgnnew pray hard preciou babi,About the police - Neutral
 outgo ald proco joe moreno taken polic custodi even arrest warrant accord chic,About the police - Positive
 justic chicago polic depart fail solv thousand rape case last decad,About the police - Negative
 chicago 15yearold girl miss two day austin west side locatedpolic canc,Not about the police
 chicago polic alert attempt arson vandal synagogu,About the police - Positive
 cwbchicago histor refer anyon name last time chicago alderman arrest chi,Not about the police
 judg got paid look way jussiesmolletthoax tri consist,About the police - Negative
 rahmemanuel given contributor spot theatlant amp piec talk hold elit accountab,Not about the police
 man paralyz due injuri 2017 shoot began pull gun 27yearold ccp hold,Not about the police
 yesterday celebr star ceremoni angel powel 011th district peer juror high sch,Not about the police
 fox59 three peopl charg miss pregnant woman found dead chicago southwest side accord polic,About the police - Neutral
 truckers4i valuesrevolt oblivio24611819 geoliber allegedsuspect keriannbryan andrewyang jordanbpeterson,Not about the police
 chicagopolic use virtual realiti mental health crisi train northwesternm expert,About the police - Neutral
 infant rip womb murder woman polic sourc say,About the police - Neutral
 youtub chicagopolic vnilesil flotu tomdart differ parol offic probat offic,About the police - Neutral
 chicago alderman arrest file fals polic report get smollett deal,Not about the police
 still miss illinoi sinc 12152018 ricardo cajiga 36 chicago illinoi back yard neighborh,Not about the police
 wgnnew awesom chicago polic offic save life man collaps basketbal court,About the police - Positive
 exchicago polic command plead guilti steal 363000 social secur mother death,About the police - Negative
 toddler ride grandmoth get shot head grandmoth kakesia walker say chicago polic,Not about the police
 anyon inform ask call 911 contact chicago polic svu 3127478274,About the police - Neutral
 cbschicago miss teen khaliyah william 14 report miss chicago polic,About the police - Neutral
 view fraud northern il dist court 13cv2621 lawsuit complaint doc 28 comparison judg order doc 48 ch,Not about the police
 burglar break vehicl window lincoln park polic,About the police - Neutral
 thejusticedept follow covertli electron harass poison amp setup frame racist fbi use l,Not about the police
 keeangayamahtta note mayor rahm emanuel liter never said much abt singl document case polic brutal du,About the police - Negative
 pregnant woman whose bodi found behind home chicago southwest side murder babi forci,About the police - Neutral
 plusson polic supt eddi johnson mayorelect lori lightfoot declar moratorium gang databas,Not about the police
 ihavevanish polic pregnant woman babi cut womb murder via mailonlin,About the police - Neutral
 nbcchicago updat fairburi polic report funnel cloud sight area accord nation weather servic,Not about the police
 chicago synagogu target arson vandal polic step patrol,About the police - Neutral
 katiekimnbc chicagopolic nbcchicago teen import stori,About the police - Neutral
 view fraud northern il dist court 13cv2621 lawsuit complaint doc 28 comparison judg order doc 48 chica,Not about the police
 cwbchicago chicagopolic cc sakimfoxx fire recus playbook,About the police - Neutral
 fed confirm chicago polic depart corrupt thought,About the police - Negative
 cook counti judg whose rule polic brutal case crimin matter come fire app,About the police - Negative
 chicagocaps14 chicagopolic know say queen shit hand wipe,About the police - Negative
 miss pregnant woman found slain babi cut womb chicago polic say via wftv,Not about the police
 jewish school synagogu busi alert warn chicago polic alreadi incendiari molotov c,About the police - Neutral
 pregnant woman gone chicago home respons facebook offer free babi cloth strangl,Not about the police
 new mayor lori lightfoot say polic superintend eddi johnson remain posit chicago publ,About the police - Neutral
 13wrex alderman arrest polic arrest chicago alderman charg alleg lie report car,About the police - Neutral
 exchicago polic command plead guilti steal 363000 social secur mother death,About the police - Negative
 dont think someon look cook marshmellow seem chicago big problem home antisemit farr,Not about the police
 whatthefemm think children sw side live ptsd dont access proper care rememb th,Not about the police
 heavi polic respons chicago height neighborhood,About the police - Neutral
 polic chief eddi johnson say he devis plan give kid altern downtown mischief gotta,About the police - Neutral
 ariel wren 14wa last seen 300 block west 106th street accord miss person alert chicag,Not about the police
 eessjaay rahmemanuel angriest ive seen mayor even unarm peopl shot kill polic citi chic,About the police - Negative
 chicago polic offic stab far south side,About the police - Neutral
 polic car blink avenu,About the police - Neutral
 mlcalderon embarrass atlant,Not about the police
 outgo ald proco joe moreno custodi chicago polic warrant may 14 1158 pm et,About the police - Neutral
 chicago polic said 1st ward alderman proco joe moreno custodi warrant issu arrest fo,About the police - Neutral
 chicago polic alert fail arson attempt jewish synagogu,About the police - Neutral
 curaffair tri time world need wisdom men paper citi tortur site murder po,Not about the police
 liber run chicago polic arrest three case slain mother whose babi life support cut,About the police - Neutral
 mikelowereport chicagocaps14 chicagopolic rest peac brother,About the police - Positive
 chicago polic boost presenc jewish school synagogu molotov cocktail found,About the police - Neutral
 chicago area polic warn pet owner zombi raccoon,About the police - Neutral
 damn lot peopl world mental health issu senseless hell miss pregnan,Not about the police
 djnorfair biggestlittlefc anthrocon furfest furfest better someth call chicag,Not about the police
 chicagoarea polic warn zombi raccoon distemp associ press warn zombi ra,Not about the police
 markriveraabc7 rememb fallen chicago polic offic along entir nation today honor washi,About the police - Positive
 mikkyjwright specialolymp dunkinchicago soillinoi chicagopolic thank hardest work driver around,About the police - Positive
 pamzekmancbs2 cbschicago took 55 women chicagopolic figur might serial killer wtf,About the police - Negative
 ald joe moreno arrest polic say chicago nyc il,About the police - Neutral
 mikelowereport chicagopolic rest peac sir cpd thank,About the police - Positive
 ktla chicago polic question four peopl connect disappear 19yearold pregnant woman,About the police - Neutral
 jtyler220 tweettruth2m lol differ black peopl argu polic injusticebrut,About the police - Negative
 marlen ochoauriostegui miss pregnant chicago teen found dead babi cut bodi polic say cb news,Not about the police
 molotov cocktail thrown chicago synagogu polic say,About the police - Neutral
 chicago polic dept first deputi superintend anthoni riccio address jussiesmollett case final frust,About the police - Neutral
 watch live polic updat person shot barricad situat near univers chicago,About the police - Negative
 tri time world need wisdom men paper citi tortur site murd,Not about the police
 chicago polic offic jason van dyke convict octob seconddegre murder 16 count aggrav,About the police - Negative
 fed confirm chicago polic depart corrupt thought,About the police - Negative
 huge polic presenc area 55th komenski chicagoscann 810 squad car,About the police - Neutral
 everyth come togeth sequoia struggl polic offic chicago cours flight attend c,About the police - Positive
 raylong chicago polic take new look unsolv slay 55 women possibl serial killer involv,About the police - Neutral
 pregnant chicago woman slain babi cut womb say chicago woman sold babi cl,About the police - Negative
 bymassa asromapress solano56 davidamoy watch lot movi pronounc chicago im alway,Not about the police
 kytv disturb detail polic said marlen ochoa strangl death babi cut wound lure ho,About the police - Negative
 pregnant woman gone chicago home respons facebook offer free babi cloth strangl,Not about the police
 fox59 miss pregnant woman strangl babi cut womb murder polic,About the police - Negative
 joeiskindabor cwbchicago emzanotti chicagopolic sandwich involv,About the police - Neutral
 journalnow new polic chief knockout job keep littl chicago,About the police - Positive
 chicagocaps22 2019 nation honor guard competit chief judg award winner chicago polic depart honor guard,About the police - Positive
 johnkass chicago ald proco joe moreno didnt sing danc obama white hous allegedli file fals polic rep,About the police - Negative
 racist fbi reli corrupt chicagoevergreen pk polic amp gang amp low life filth individu use covert poi,About the police - Negative
 chicago citi leader arrest allegedli file fals polic report foxnew hey,About the police - Positive
 chicago polic tap video sourc help solv crime,About the police - Positive
 horribl happen 2019 gt chicago polic boost presenc jewish school synagogu mo,About the police - Neutral
 chicago polic take fresh look unsolv slay 55 women,About the police - Neutral
 patrolman john william mathew star 9827 chicago polic depart end watch21 may 1988 incid date,About the police - Positive
 view fraud northern il dist court 13cv2621 lawsuit complaint doc 28 comparison judg order doc 48 chi,About the police - Positive
 alangodwin52 realcandaceo mattwalshblog ppfa 2becaus high crime rate gang activ domest violenc,About the police - Positive
 break chicagopolic confirm alderman proco joe moreno custodi arrest warrant file fals polic report,About the police - Negative
 lexisuttertv big updat chicagopolic arrest three peopl murder pregnant teen marlen ochoa polic detail,About the police - Neutral
 pregnant teen whose bodi found behind home chicago southwest side murder babi forci,About the police - Neutral
 good see nilespdil chicagopolic repres alexavamurphi,About the police - Positive
 potu follow covertli electron harass poison amp setup frame racist fbi use low life,About the police - Negative
 new chicago mayor lori lightfoot retain sever emanuel cabinet member includ polic supt eddi johnson,About the police - Neutral
 nypdchiefofdept anoth victori finestfootbal 272 win boldestfootbal hope eddi johnson amp chicagopol,About the police - Positive
 48yearold woman miss lawndal southwest side pearlean bailey last seen april 6 1,Not about the police
 appar addit footag courtesi surveil camera nearbi commerci properti show,Not about the police
 stop hate chicago polic day theyr confid theyll find guy fingerprint may shatter glass,About the police - Positive
 nbcchicago sever arrest larg group fight near scene chicago height shoot,About the police - Positive
 cpdsoccer chicagopolic local swansea citi support club weekli match humboldt park lagoon,About the police - Positive
 thank lozano librari expert came commun round tabl discuss chicago po,Not about the police
 cwbchicago chicagopolic good dare prove powner girl cpd goon,About the police - Positive
 cnn chicago polic give detail death miss pregnant woman,About the police - Negative
 chicagopolic ndilnew fbichicago deachicagodiv atfchicago alert lic plate put,About the police - Positive
 ald joe moreno charg fraud obstruct justic ald proco joe moreno charg fraud,About the police - Positive
 polic illinoi child welfar agenc say staff chicagoarea hospit didnt alert determin,About the police - Negative
 shiakapo chicagosmayor rahmemanuel great 2 see she keep frat brother chicagopolic superintend,About the police - Positive
 nathcpa cbschicago realli famili said investig wo help chicago polic depart,About the police - Positive
 joann scammer voic theatlant cancel fbi inform use write articl nytim smea,About the police - Negative
 polic train occur mie campu tuesday may 21 tuesday may 21 chicago polic depart,About the police - Neutral
 chicago polic need increas patrol find pregnant mail carrier that miss sinc octob worri,About the police - Negative
 jewishpress chicago polic increas presenc jewish institut follow molotov cocktail jewishpress,About the police - Negative
 waynedupreeshow babi brain deadno brain activ hospit chicago investigationthey di,About the police - Positive
 great convers chicagopolic recent event took place synagogu ar,About the police - Positive
 zamalisa believ watch one chicago show shock detect,About the police - Negative
 pck1013 lindahendrics00 rememb 9 women week report dead due back alley abort se,Not about the police
 jjjackie45 chicagopolic theyb treat like peopl speak spanish kid stop treat br,About the police - Negative
 djgothboyzu katiekimnbc chicagopolic nbcchicago realdonaldtrump give rest,Not about the police
 50 yr ago chicago polic pregnant black woman ground said pregnant,About the police - Negative
 pregnant chicago woman slain babi cut womb,Not about the police
 vinjc chicago food truck presenc fall major citi boom unfair rule draft restauranteur pass poli,Not about the police
 chicago polic asham took 3 week find babi local nicu one person,About the police - Negative
 suzyrudi rukusmag cwbchicago emzanotti chicagopolic littl thing sometim dont alway,About the police - Neutral
 polic illinoi child welfar agenc say staff chicagoarea hospit didnt alert determin,Not about the police
 chicagoarea polic warn resid zombi raccoon distemp sound fake jussi smoll,About the police - Negative
 cwbchicago chicagopolic appar right kind brother kim foxx step,About the police - Neutral
 three peopl charg miss pregnant woman found dead chicago southwest side accord p,Not about the police
 someon im suicid cop help shoot chicago tribun polic man threaten shoot,About the police - Neutral
 thevrara vr help chicago polic respond mental health emerg crisi intervent train becam mandatori offic,About the police - Neutral
 sheriff man arrest slap sleep girlfriend face cheeseburg,Not about the police
 chicago polic warn child lure follow 2 incid near 70th normal blvd suspect drive maroon p,About the police - Neutral
 bbcworld marlen ochoalopez muder chicago polic make three arrest,About the police - Neutral
 chicago polic boost presenc jewish school synagogu molotov cocktail found,About the police - Neutral
 chicago polic arson unit investig 3 molotov cocktail found outsid lakeview east synagogu,About the police - Neutral
 raferweigel fox32new chicagopolic joe piscopo could play made tv movi,About the police - Neutral
 abc7chicago polic ask public help find 15yearold girl report miss chicago west side,About the police - Neutral
 katiekimnbc chicagopolic nbcchicago give death penalti,Not about the police
 raferweigel chicagopolic 14 feloni less jussi,Not about the police
 polic sever agenc respond neighborhood chicago height,About the police - Neutral
 exchicago polic command plead guilti steal social secur mother death,About the police - Negative
 joelmckmil nypd19pct alanstradal1 bftfchicago rcsd ohfcso odmp kscapitolpolic lincolnwoodpd,Not about the police
 jtrumpin student nashvil tn particip nationalwalkoutday riot vandal jump polic car rip,Not about the police
 incom chicago mayor path histor polic reform,About the police - Neutral
 horrif pregnant woman gone chicago home respons facebook offer free babi cloth,Not about the police
 katiekimnbc chicagopolic nbcchicago burn,About the police - Neutral
 chicagocaps14 chicagopolic command bauer princ boss god bless offic lost,About the police - Positive
 2 homicid among overnight violenc chicago earli sunday four peopl shot chicago sunday includ,Not about the police
 nmpsc miss pregnant woman found dead babi forcibl remov womb polic say,About the police - Neutral
 updat new timelin addit detail assist state attorney jame murphi publish,Not about the police
 former chicago polic command kenneth johnson plead guilti steal 363000 social secur mother death,About the police - Negative
 break chicago polic confirm ald proco joe moreno custodi charg file fals poli,About the police - Negative
 dglwade immoralreport dailycal better idea dump anim san francisco santa fe denver,Not about the police
 teen sister miss garfield park polic via suntim,About the police - Neutral
 chicagopolic day two famili fallen chicago polic offic command paul bauer po eduardo marmolejo po samuel jimenez,About the police - Positive
 horrifi detail famili said believ pregnant teen lure home facebook post pr,Not about the police
 hlntv chicago postal worker kierracol vanish two week ago polic say suspect foul play ht,About the police - Neutral
 chicago polic alert fail arson attempt jewish synagogu attack increas su,About the police - Neutral
 show,Not about the police
 6 report rape lead arrest watch resili director program polici sarah layden h,About the police - Positive
 via realdailywir chicago alderman arrest file fals polic report get smollett deal,About the police - Neutral
 chicagocaps14 congratul chicagopolic honor guard win chief judg award steve young nation honor g,About the police - Positive
 thefreethought2 conveni chicago polic lost bodi camera footag sever time past month instanc one,About the police - Negative
 polic illinoi child welfar agenc say staff chicagoarea hospit didnt alert determin,About the police - Neutral
 55 chicago women mostli black strangl death one custodi case remain open,About the police - Negative
 want take time thank chicagopolic cfd save life woman week respons ti,About the police - Positive
 jimmydurrr cwbchicago chicagopolic sick burn,About the police - Negative
 chicago alderman renew push elect polic oversight council,About the police - Neutral
 rahm emanuel first piec contribut editor theatlant rahm emanuel accus tryi,Not about the police
 2 weve long expect polic buy citywid realtim facesurveil system second report show,About the police - Neutral
 polic chicago search suspect accus tri set fire synagogu weekend r,About the police - Neutral
 chicago pregnant woman gone chicago home respons facebook offer free babi cloth,About the police - Neutral
 teen boy stab fight saint patrick high school chicago polic say,About the police - Neutral
 rozrothstein chicago polic investig attempt arson vandal near synagogu,About the police - Neutral
 19 year old marlen ochoalopez ninemonth pregnant disappear april 23 bodi found,Not about the police
 hithertofor feel bad whichev writer atlant trade rahm emmanuel go sabotag chicago public school,Not about the police
 cstbreak updat man shot chicago polic barricad situat near univers chicago,About the police - Negative
 filipecampant number peopl kill rio de janeiro polic first three month year compari,About the police - Negative
 statu take stress test sia concern locat hotel room pack im take flight back,Not about the police
 three charg pregnant woman strangl babi cut womb chicago polic may 16 1008 pm et,Not about the police
 latest 3 peopl charg slay pregnant woman chicago ap latest slay pregnant c,Not about the police
 cwbchicago chicagopolic maga countri,About the police - Neutral
 polic pregnant woman babi cut womb murder via wfla news,About the police - Neutral
 view fraud northern il dist court 13cv2621 lawsuit complaint doc 28 comparison judg order doc 48 chica,Not about the police
 westchicagopd polic suppos determin whether someon good reason someth alw,About the police - Neutral
 iambadland cwbchicago chicagopolic fals polic report chicago dont worri alderman joe chicago isnt even c,About the police - Negative
 smartphon know youv polic love one track locat,About the police - Neutral
 video super interest watch,About the police - Negative
 chicago polic turn virtual realiti technolog train offic deal mental ill,About the police - Positive
 anyon theatlant particip hire rahm emanuel editor asham rew,About the police - Positive
 andrewdecker593 chicago pregnant woman gone chicago home respons facebook offer free babi cloth murd,Not about the police
 come support rooftop rais money law enforc torch run soillinoi may 17,About the police - Positive
 19yearold pregnant woman vanish last month found dead chicago home author said,Not about the police
 sencunningham advanc measur improv access benefit chicago polic,About the police - Positive
 chicago resili credit go peopl take chin daili basi keep move,Not about the police
 ktlamorningnew 19yearold pregnant woman vanish last month found dead chicago home author said,Not about the police
 chicago polic say clarisa figueroa left daughter desire figueroa murder pregnant teenag,About the police - Neutral
 jemel roberson shoot medic examin say slain guard cloth fatal polic shoot werent label se,About the police - Negative
 chicago polic boost presenc jewish school synagogu busi citi spoke,About the police - Neutral
 nmc21887 chicagopolic gonna email local district today,About the police - Positive
 earlier today chicago polic shot kill man mental health crisi,About the police - Positive
 fox32new chicago polic brand new train tool show deal peopl special need mental ill,About the police - Neutral
 19yearold pregnant woman found dead chicago babi cut womb polic,About the police - Negative
 10tv famili believ facebook promis free babi cloth lure pregnant woman chicago home polic say st,Not about the police
 marlen ochoa strangl babi cut womb lure home pretens,Not about the police
 soitgo need get commit mayor lightfoot chicago polic depart earli otherwis bure,About the police - Negative
 fake plumber burglar elderli homeown nw side polic,About the police - Neutral
 man die accident shoot polic say via suntim,About the police - Neutral
 polic seek chicago synagogu arsonist caught camera,About the police - Neutral
 cours arent victim case chicago polic depart though,About the police - Positive
 airesaston cop good say chicago polic depart fuck cia blacksit take peopl give c,About the police - Neutral
 molotov cocktail thrown chicago synagogu sunday car window smash outsid three other p,About the police - Neutral
 alexyd wild imagin invest mental health first respondersand school amp healthcar amp good jobsinstead vr,Not about the police
 readi chicago alderman joe moreno whose term offic end 5 day taken custodi overnight charg,About the police - Positive
 miss pregnant woman found dead babi forcibl remov womb polic say cnn,About the police - Neutral
 geremiah stapl 19 die two day car crash tri evad polic west side,About the police - Neutral
 parkermolloy get realli spooki whenev chicago cop get verdict extra polic car otherwis mpti street,Not about the police
 campusevangel give news coupl week nation rage amp peopl plot vain kingsset amp,Not about the police
 komonew polic illinoi child welfar agenc say staff chicagoarea hospit didnt alert determin blo,About the police - Neutral
 fox10phoenix break polic believ 19yearold pregnant woman went miss lure home southwest side kill,About the police - Neutral
 polic zombi raccoon threaten pet health chicago suburb hitechcj illinoi,About the police - Neutral
 iosbakerjo sever incom aldermen say theyll back stall chicago polic civilian oversight plan headlin,About the police - Neutral
 cwbchicago chicagopolic didnt guy get defeat realiti lame duck could end throw book,About the police - Neutral
 democrat bring state that chicago calif also crime rate climb time stand,Not about the police
 florida sheriff man arrest slap sleep girlfriend face cheeseburg smartnew,Not about the police
 view fraud northern il dist court 13cv2621 lawsuit complaint doc 28 comparison judg order doc 48 chi,Not about the police
 chicagocaps14 cpdetd chicagopolic congratul safeshift,About the police - Positive
 cwbchicago chicagopolic hell,About the police - Neutral
 day woman disappear believ murder believ babi forcibl remov,Not about the police
 chicagopolic open new tech center analyz video dispar sourc publicsafeti via statetech,About the police - Neutral
 theintercept educ controversi defin rahmemanuel first term second consum wi,Not about the police
 justalejandr cia fbi chicagopolic got,About the police - Neutral
 infant rip womb murder woman polic sourc say via suntim type pe,Not about the police
 potu view fraud northern il dist court 13cv2621 lawsuit complaint doc 28 comparison judg order doc 48,Not about the police
 greenvillenew pregnant woman gone chicago home respons facebook offer free babi cloth strangl,Not about the police
 famili believ facebook promis free babi cloth lure pregnant woman chicago home polic,Not about the police
 senadrija ramsrini3 syr98009620 naveenm14993552 chandravangoor inkmonkey3 palanin classicbuy khantastix sushmaswaraj ilst,Not about the police
 polic western illinoi search 19yearold stole 100 gun anoth man b,About the police - Positive
 opinion rahm emanuel chicago lead polic reform,About the police - Positive
 chicago polic deploy rang protest tactic,About the police - Positive
 pregnant us teen kill babi taken womb polic polic chicago charg three peopl thursday connectio,About the police - Neutral
 realdailywir chicago alderman arrest file fals polic report get smollett deal,About the police - Neutral
 3 charg slay pregnant chicago teen,Not about the police
 chicagopolic hitler infiltr mind bodi soul give cue kill innoc peopl,About the police - Neutral
 much hate chicago synagogu target arson vandal polic step patrol via usatoday,About the police - Neutral
 cop bike patrol highcrim area nbc chicago,About the police - Neutral
 wgnnew chicago polic fatal shot man follow barricad situat citi woodlawn neighborhood wednesday,About the police - Neutral
 chicagopolic chicago proud thank servic policeweek,About the police - Positive
 apcentralregion famili believ facebook promis free babi cloth lure pregnant woman chicago home polic say,About the police - Negative
 miss pregnant woman found dead babi forcibl remov womb polic say cnn,About the police - Neutral
 like someth criminalmind marlen ochoauriostegui miss pregnant chicago teen found dead babi cut,Not about the police
 nvanclev cnn call chicagosmayor footnot long racist histori racial violenc chicago segreg c,Not about the police
 illinoi meteor chicago polic camera captur incred blaze firebal scienc news,About the police - Neutral
 polic amp fire trial begin suspect 2010 murder offduti chicago leo man accus kill le,About the police - Neutral
 three peopl charg miss pregnant woman found dead chicago southwest side accord,Not about the police
 alderman moreno arrest chicago file fals polic report via cwbchicago,About the police - Neutral
 adolph hitler soul suspect culprit end day end world mass extinct 11 mon,Not about the police
 updat lakeshor limit train 48 depart chicago chi 518 back move current oper,Not about the police
 death,Not about the police
 jtumid eastsiderico ajplu mean chicagopolic visibl shaken press confer,About the police - Neutral
 chicago polic announc three peopl charg death marlen ochoalopez includ clarissa figueroa h,About the police - Neutral
 spring grove woman 71 asleep pickup truck came barrel bedroom middl night,Not about the police
 polic suspect southwest side woman lure young expect mother home pregnant woman slai,About the police - Neutral
 chicagotribun chicago polic investig three molotov cocktail found outsid ansh sholom bnai israel congreg,About the police - Neutral
 pregnant chicago woman slain babi cut womb respond facebook offer free babi cloth,Not about the police
 cbschicago polic say stray gunfir struck suburban school bu drop student museum scienc industri ch,About the police - Positive
 detect seek assist identifi six offend relat robberi occur april 27,About the police - Neutral
 realdonaldtrump northern ill dist court judg robert dow threwout lawsuit prevent case set preced,Not about the police
 man say fck chicago amp move goon opp hunt play king von run policeda product dvd,About the police - Positive
 transpar sought chicago black person hilari buri polic abus,About the police - Positive
 realsaavedra wow still go guy imagin citi chicago polic depart,About the police - Positive
 cstbreak polic search suspect beat rob person sleep red line train,Not about the police
 jap,About the police - Positive
 racist fbi reli corrupt chicagoevergreen pk polic amp gang amp low life filth individu use covert poi,About the police - Neutral
 justic chicago polic depart fail solv thousand rape case last decad,About the police - Negative
 chicagobreak im friggin sick hear peopl shoot place dont care,About the police - Negative
 student amp faculti rais 200 chicago polic depart memori fund today wear blue support,About the police - Positive
 helloimjai tiaew chicagopolic fox32new marlen group ask buy trade doub,About the police - Neutral
 carri subway sandwich chicago alderman arrest file fals polic report get sm,About the police - Neutral
 rooki cop train need retir us marshal run lightfoot bodyguard detail via suntim,About the police - Neutral
 charliekirk11 cb59carolina75 pete record mayor higher murder rate chicago 27 increas rape 563 la,Not about the police
 pregnant woman gone chicago home respons facebook offer free babi cloth strangl,Not about the police
 cbschicago chicago polic fatal shoot man arm gun woodlawn,About the police - Neutral
 molotov cocktail thrown chicago synagogu sunday car window smash outsid three other p,Not about the police
